{"intercept": -59371588.98068731, "coefficients": [305252.9879180346, -6669.011207418873, 234662.1837614878, 92626.00220424126, 2789.4179940933304, 77530.09422104957, 197655.93161176489, -68378.05639533422, 47543.34337722921, 91228.7250453834, 146088.14884372472, 39205.3821740694, 39466.09913506912, 64497.79840545632, -33529.24872539205, -81992.1274698682, -103386.43564236574, -133784.91143315448, 0.0, -3760.3472551388286, 3162.3947742436235, -24212.75715253529, -4736.531274707952, 0.0, -19852.912080963513, -24734.96977998865, -37521.229741605275, -20747.703795614387, -6498.306370618233, 23548.08344521799, -42967.946553615286, 0.0, -195892.24454742883, -30143.380285682437, -62583.86010603732, -53244.71736275206, -46139.44435297548, 3383.177771903891, -24998.001335581685, 22215.07405595645, -39839.18083346463, -21831.81780562625, 297591.3405328941, -31706.76963291097, -12108.937225530679, -99068.5048809422, -147478.15623081464, -34213.343610997785, -47445.95003713626, -33070.46455502709, -37219.44794901656, -15203.017449855344, 55329.01793606202, -12462.83254906187, -148843.13703328714, -36409.81112813208, -86001.50419601874, -20825.14655980015, 0.0, -11706.007101838892, 80941.47273901897, 17879.066777494816, 30811.818933849787, 49125.96064351513, -86864.5025195435, -17023.05109300651, 0.0, -2837.575625171862, -17847.037927579542, -1818.8364555013645, -20529.677185501143, 0.0, -4663.734835086801, -5946.99811672987, 53910.05649674527, 194608.8772230957, 29581.2461772056, 34392.20601828485, 72042.91250976094, -111707.27992146547, -110586.59641090274, -103170.22492125363, -46540.747887029, -19402.491545432884, 5632.464050518472, 3077.475512811565, -7436.877167322631, -47932.65347402309, -31082.104542929814, 25820.457396287675, -9981.775090779016, -46284.57659822913, -52011.49125547543, 2857.9528905309353, 746.8980684152793, 56280.092674092324, -10191.40081175965, -4084.3832960567934, -20397.175031009312, -20805.186813875494, -13862.257905981462, -11000.607555377643, -15790.974636594012, 8194.83478970989, -28485.810664580495, 5464.7333947686475, 21150.254141151156, 490.9281166533667, -25595.656414592308, 1418.148208767665, -85115.3534151163, 285469.5287148005, 199794.58717641258, 33608.93551994006, 191252.53218086725, -161347.27810968048, -1988.622364998028, -47152.78357467526, -144335.80874561807, -23006.58110849286, -60019.679077162655, -52236.6025611312, -38011.59093565962, -23027.690320904298, -27115.289343308057, -111296.68477563885, 96044.12462507856, -28279.624541803238, -7985.218455545633, 746.2826127607483, 149846.7598611025, -19292.849197719363, -26055.720730113964, 64014.99697799138, 25254.1628860571, -45213.18516356402, -21709.313895726842, 40377.71029572046, 13505.940887418938, 160162.59048747172, 86204.69264772786, 5645.6189886300735, 108772.99354603665, -34124.7898002367, -30318.95923451492, -38154.03947285019, 24009.948560728713, -14512.818385777879, -182806.9554399201, 41855.70361580517, 0.0, 94660.23238267715, -32732.571569586635, -69435.96142357515, 177587.23578226048, -13994.90143622338, -23189.37875002604, 45548.403549639, -95107.48958447522, -70823.43047713791, 10887.75335876214, 26186.00459487145, -21445.715932845847, -119148.86579407856, 7909.06501062234, 48704.68774185188, -127176.26070427026, 2589.86911828336, 120549.43614880063, 104484.29289092106, 101920.08584644485, 0.0, 773531.735636342, 0.0, 365194.6325852508, -36875.80077435128, -35345.30088399265, -32492.49567208518, -26964.812509719657, -19318.56458052152, 55561.67317201365, -4406.934932554375, -10491.035045503357, 2489.0670164879098, -19632.287876427512, -14020.976496183786, 10978.883509720075, -38520.02671170135, -70565.76467779365, -91804.9106366493, 3430.214392452629, -79117.67082880158, -27900.480388603013, -159565.42442261876, -20160.274475851988, -41253.69354335144, -27700.43895551775, -26413.394971230016, 25346.96820514528, -5011.394807672374, 6437.0058675909, 44338.73119955415, 15065.390541604796, -8783.602379411166, -65156.91013321944, -115519.78855439312, -34661.644215348715, -43810.96886618775, 21391.90643594754, -65997.04955105337, -30703.337039479724, -6886.119138780541, -17612.12658750012, 13349.66836106608, -23965.793735695563, -27307.708518714, -11566.501559821154, -11110.048759273799, -12763.458554314087, 3445.4046666977265, 0.0, 3247.689552530557, 22104.032693174635, 17603.211453958967, 18633.483857939656, -30623.866201423894, -12926.215122620493, -28726.694539435237, 7569.201791899464, -28762.814849120463, 0.0, -176001.0876063406, -11817.849583354688, -94637.22898905586, -42669.65090693159, -84410.07656992841, -198388.5705320057, 64842.58945842608, 368250.72542189964, 1540.113243186979, 75977.23820188014, -22495.849635716582, 2345.304528641304, 23141.137369418037, 7191.480902063837, -103553.43633851802, -19850.873276674873, -21174.619258775267, -17072.176095075232, -39175.64680589963, -55376.64625528025, 48751.87183594032, -64139.51599404379, 158904.83313685472, 835469.550107918, 428029.4969809321, -468047.002502491, -238860.19110104404, -145971.95775447183, -42756.26658107157, -224377.17695805346, 55329.01793606202, -263881.123095063, -336936.4978283039, 485264.11589121295, 33608.93551994006, 191252.53218086725, -190096.43759334824, -290435.4457824155, 326953.8148861665, 773531.735636342, 365194.6325852508, -95435.30124865664, -311661.44228695414, -282658.13335970003, -403698.9218838276, -119809.64749794053, -238913.11938820357, 158904.83313685472, 49496.41293961857, -20188.311307668147, -29308.101631952322, 29836.961346609914, -0.42193564374689513]}